studentId,class
1,6F
2,2C
3,4J
4,1A
5,3Q
6,6G
7,1I
8,12B
9,4P
10,12S
11,1M
12,8N
13,4A
14,9D
15,4M
16,7V
17,2D
18,8O
19,6W
20,9J
21,1O
22,1F
23,9O
24,4V
25,8T
26,6B
27,3N
28,12D
29,6C
30,10R
31,5E
32,8W
33,8X
34,6G
35,2G
36,7B
37,11C
38,1M
39,6A
40,8P
41,6L
42,12J
43,1E
44,6Y
45,12S
46,5O
47,6T
48,12H
49,1A
50,11D
51,8R
52,5J
53,1Z
54,2H
55,9U
56,10T
57,7B
58,11Q
59,1M
60,10X
61,4T
62,1D
63,8T
64,10V
65,8B
66,2L
67,8D
68,5Z
69,4I
70,9Y
71,7P
72,8Y
73,4V
74,5F
75,11R
76,2D
77,6U
78,12C
79,6A
80,12C
81,7H
82,4Y
83,7L
84,10L
85,2P
86,8R
87,6R
88,11S
89,10I
90,12U
91,2R
92,8Z
93,6J
94,1Y
95,10V
96,4D
97,1L
98,9I
99,1Q
100,3K
101,5R
102,2C
103,9V
104,7F
105,4E
106,7X
107,6K
108,5E
109,2Y
110,5F
111,1Y
112,11W
113,11W
114,6F
115,12D
116,4G
117,4W
118,6B
119,6Z
120,2O
121,11H
122,10N
123,1B
124,11T
125,7P
126,4A
127,5T
128,3T
129,1F
130,11M
131,5B
132,4O
133,6J
134,10H
135,3V
136,2G
137,3Z
138,3S
139,2X
140,9W
141,12Z
142,6S
143,1S
144,8N
145,9F
146,2M
147,11N
148,7U
149,3T
150,1C
151,1X
152,4A
153,7T
154,12U
155,10N
156,11K
157,11T
158,7P
159,7R
160,1D
161,3K
162,7J
163,5H
164,7S
165,4Z
166,5O
167,9L
168,7J
169,4T
170,1S
171,10A
172,9M
173,12M
174,10Y
175,11X
176,6K
177,9S
178,10C
179,10V
180,7E
181,4X
182,12Z
183,7E
184,7T
185,1P
186,4M
187,11Y
188,10N
189,12M
190,4L
191,5S
192,10P
193,10K
194,11V
195,3R
196,9V
197,2N
198,11W
199,7F
200,11U
201,10U
202,4C
203,12J
204,5A
205,1P
206,9Y
207,9F
208,11T
209,12Q
210,10U
211,8C
212,12D
213,4G
214,7N
215,4B
216,6G
217,5P
218,1Z
219,12X
220,12R
221,9D
222,8Y
223,12R
224,9V
225,5J
226,7U
227,2U
228,1J
229,4O
230,1R
231,7P
232,10H
233,2Y
234,5D
235,10H
236,4V
237,1R
238,7I
239,12H
240,4C
241,4I
242,5I
243,9V
244,6U
245,6S
246,2Z
247,3O
248,4I
249,1O
250,6W
251,5Q
252,5Z
253,4E
254,2W
255,11J
256,7A
257,3Y
258,11G
259,2S
260,5Q
261,2R
262,7M
263,11Y
264,9M
265,12G
266,9R
267,2F
268,7L
269,5Y
270,4V
271,10I
272,4X
273,2S
274,5D
275,10T
276,5L
277,7Y
278,1T
279,8J
280,10Y
281,7J
282,1W
283,9S
284,12W
285,11M
286,6B
287,1W
288,8T
289,9W
290,9C
291,5H
292,7M
293,7P
294,9P
295,9R
296,6O
297,2R
298,4F
299,1A
300,8U
301,3I
302,7J
303,9Y
304,9N
305,10Z
306,10S
307,9H
308,9M
309,6Z
310,10K
311,2Y
312,5X
313,6R
314,6W
315,9T
316,3Z
317,9C
318,11N
319,8V
320,1W
321,5Z
322,7C
323,4V
324,4X
325,3K
326,4M
327,4H
328,2X
329,4R
330,4L
331,5X
332,7N
333,10I
334,8Y
335,5K
336,2B
337,10Z
338,5O
339,8V
340,1Z
341,3Y
342,11I
343,2E
344,4I
345,10J
346,6E
347,12O
348,6G
349,12D
350,2X
351,3H
352,6B
353,12H
354,6B
355,3C
356,9P
357,5L
358,12O
359,6R
360,5G
361,2J
362,6C
363,6Y
364,7F
365,1O
366,5Z
367,7E
368,8I
369,12S
370,8G
371,1B
372,2C
373,11V
374,8B
375,12D
376,10B
377,10C
378,4E
379,7D
380,11W
381,8N
382,11J
383,6W
384,7W
385,1H
386,8W
387,6K
388,6P
389,5B
390,12N
391,8N
392,1C
393,12Z
394,4V
395,12Q
396,5S
397,3A
398,9J
399,7X
400,4D
401,10C
402,6Y
403,10Z
404,9E
405,11A
406,6A
407,5T
408,3M
409,7Y
410,3V
411,12Q
412,3Z
413,12C
414,9N
415,8I
416,2F
417,7V
418,12Z
419,8V
420,12Q
421,9Y
422,6W
423,8Q
424,3L
425,3E
426,11Z
427,8S
428,4N
429,1K
430,12G
431,7R
432,11N
433,2W
434,7P
435,12U
436,11E
437,1G
438,10V
439,12L
440,5T
441,12R
442,11D
443,3B
444,11S
445,2U
446,8O
447,10X
448,3L
449,11R
450,8P
451,10E
452,1I
453,8Z
454,12P
455,7K
456,2Y
457,8G
458,1F
459,2Y
460,10U
461,4B
462,8Q
463,4Q
464,12R
465,2L
466,7F
467,7V
468,3S
469,3R
470,5E
471,8V
472,11R
473,11V
474,8I
475,3W
476,7C
477,10H
478,12F
479,12Q
480,6T
481,7B
482,1W
483,7U
484,5U
485,11M
486,3X
487,2X
488,8H
489,4Z
490,4R
491,5L
492,5X
493,7J
494,9J
495,4J
496,4M
497,5W
498,7U
499,11Q
500,4R
501,4N
502,4U
503,1R
504,4V
505,4U
506,3F
507,8Y
508,5D
509,5T
510,2K
511,5K
512,9H
513,6L
514,5Y
515,1E
516,9D
517,10W
518,8K
519,3S
520,5G
521,2C
522,8I
523,9Z
524,12M
525,7O
526,1G
527,12W
528,1V
529,11G
530,8F
531,9L
532,7X
533,4U
534,1M
535,10V
536,2X
537,4U
538,3P
539,11D
540,11R
541,1U
542,7U
543,8K
544,10E
545,1B
546,11W
547,8M
548,6E
549,4X
550,7D
551,6N
552,7N
553,8H
554,5X
555,4F
556,4H
557,5C
558,9W
559,9K
560,10K
561,8R
562,8L
563,10Q
564,5L
565,7H
566,10L
567,1A
568,7W
569,7Z
570,3V
571,9B
572,3J
573,12K
574,8H
575,7O
576,3G
577,4J
578,5R
579,5A
580,3A
581,4D
582,3L
583,5Q
584,3H
585,8D
586,9E
587,6Q
588,3E
589,7K
590,2Z
591,8H
592,6E
593,7B
594,10X
595,10G
596,5U
597,10Q
598,6A
599,10H
600,12U
601,12W
602,1F
603,11J
604,7A
605,7Y
606,3W
607,5I
608,10M
609,7U
610,4X
611,2W
612,2W
613,5V
614,2H
615,10R
616,12X
617,12Z
618,4G
619,8B
620,4E
621,10S
622,10C
623,4I
624,10S
625,1B
626,2E
627,9Z
628,11K
629,3V
630,4K
631,12Y
632,4O
633,9O
634,8F
635,5G
636,8K
637,5E
638,1Q
639,4I
640,6E
641,12M
642,10G
643,12G
644,9I
645,7J
646,1E
647,2F
648,9A
649,6R
650,9Y
651,2N
652,6F
653,5I
654,7Z
655,4A
656,12J
657,10L
658,7V
659,4E
660,3G
661,11C
662,3I
663,6M
664,10R
665,9E
666,3U
667,2J
668,11V
669,9D
670,4R
671,1U
672,8F
673,2G
674,10Q
675,4H
676,6M
677,3W
678,9C
679,8C
680,8K
681,6N
682,3G
683,12T
684,12E
685,7E
686,9H
687,11I
688,5Z
689,9Z
690,3B
691,7N
692,6C
693,1T
694,7X
695,2P
696,11P
697,4B
698,5R
699,12W
700,9R
701,2I
702,7A
703,5O
704,3O
705,7K
706,5A
707,8D
708,7U
709,6K
710,9G
711,1O
712,8A
713,5V
714,7C
715,7S
716,9G
717,2U
718,10B
719,8X
720,8Q
721,1I
722,3O
723,5H
724,7R
725,3K
726,4B
727,1M
728,11W
729,3K
730,6M
731,6C
732,6S
733,6F
734,9C
735,11O
736,8X
737,10T
738,8K
739,11M
740,6X
741,11B
742,12W
743,10F
744,1B
745,4A
746,11B
747,2D
748,11T
749,12D
750,8H
751,9L
752,6E
753,10L
754,1F
755,3V
756,9M
757,10F
758,10O
759,10S
760,8S
761,7L
762,7Z
763,3S
764,2B
765,11E
766,8C
767,8G
768,3Q
769,4L
770,10E
771,1A
772,10J
773,4L
774,7D
775,2C
776,6V
777,6Q
778,1Q
779,9H
780,9W
781,10T
782,11I
783,4U
784,8I
785,9J
786,4A
787,6E
788,4O
789,2A
790,4H
791,6Q
792,12T
793,10A
794,3A
795,1Z
796,5V
797,9K
798,1G
799,8A
800,5O
801,8L
802,8R
803,10I
804,7S
805,7K
806,10W
807,11U
808,10J
809,3P
810,4V
811,9L
812,8L
813,11H
814,6R
815,6L
816,2M
817,6F
818,4N
819,11I
820,8Z
821,7O
822,4C
823,3H
824,6P
825,8P
826,6R
827,10S
828,6I
829,5C
830,7Z
831,10W
832,5H
833,11T
834,8D
835,1B
836,3B
837,9S
838,6R
839,8B
840,4I
841,10Y
842,8N
843,5Z
844,1G
845,7X
846,8N
847,6R
848,12H
849,12L
850,12Z
851,3F
852,11M
853,4D
854,3L
855,11X
856,1P
857,12J
858,6R
859,1F
860,9W
861,11T
862,4P
863,7V
864,2H
865,2Z
866,3Q
867,3U
868,10U
869,2Q
870,12Z
871,7Y
872,6P
873,6U
874,11Q
875,6O
876,8D
877,12Y
878,5F
879,4Q
880,4Y
881,12M
882,12N
883,9T
884,2B
885,8Y
886,7N
887,4H
888,10W
889,4H
890,4K
891,12B
892,6P
893,7T
894,3N
895,3J
896,2O
897,5J
898,9O
899,1G
900,3W
901,8K
902,7H
903,5O
904,9Q
905,4P
906,8B
907,9P
908,11M
909,11L
910,10U
911,12Y
912,10P
913,2Y
914,9G
915,11O
916,11D
917,8U
918,11L
919,5C
920,6G
921,12V
922,12Y
923,8N
924,12A
925,2P
926,2R
927,11A
928,1W
929,12Q
930,12O
931,12E
932,2H
933,12O
934,10I
935,11W
936,5W
937,6D
938,7L
939,12V
940,7E
941,4E
942,4E
943,8B
944,8K
945,5R
946,8J
947,4G
948,7C
949,3N
950,6N
951,4J
952,12S
953,2R
954,5O
955,5K
956,3H
957,5W
958,1Y
959,5J
960,12H
961,3Z
962,11J
963,11G
964,9L
965,8T
966,9Q
967,4P
968,10F
969,1Q
970,10D
971,11Z
972,4U
973,12M
974,10F
975,11B
976,7Y
977,1R
978,9T
979,6Q
980,7Z
981,11H
982,7H
983,3O
984,6M
985,12S
986,9C
987,10I
988,9S
989,9J
990,5D
991,10U
992,10J
993,1B
994,4L
995,2L
996,9L
997,6K
998,11M
999,5S
1000,12G
1001,11K
1002,5G
1003,3I
1004,6J
1005,5A
1006,9O
1007,8B
1008,1L
1009,6W
1010,12X
1011,3G
1012,5J
1013,5Y
1014,1A
1015,8B
1016,4A
1017,2A
1018,2D
1019,11W
1020,9P
1021,5H
1022,10U
1023,1J
1024,3Q
1025,10J
1026,7Q
1027,5Q
1028,1Z
1029,1F
1030,5X
1031,3N
1032,9H
1033,5S
1034,9E
1035,12N
1036,11D
1037,2C
1038,2N
1039,3D
1040,9N
1041,10W
1042,12T
1043,8E
1044,3J
1045,10U
1046,9Z
1047,11M
1048,4T
1049,7T
1050,8R
1051,6T
1052,2E
1053,6D
1054,4F
1055,9X
1056,12Q
1057,8O
1058,7C
1059,11U
1060,2H
1061,10J
1062,2N
1063,9B
1064,3Q
1065,7N
1066,1Q
1067,12U
1068,4M
1069,4L
1070,11O
1071,9R
1072,12Q
1073,7P
1074,4V
1075,1E
1076,10I
1077,1A
1078,8F
1079,5Q
1080,1G
1081,6U
1082,12N
1083,6L
1084,6A
1085,10K
1086,12H
1087,10H
1088,7A
1089,3T
1090,6U
1091,6G
1092,6V
1093,2I
1094,6W
1095,5F
1096,8P
1097,9Z
1098,2M
1099,4Y
1100,3O
1101,3N
1102,6Z
1103,7F
1104,2I
1105,6C
1106,6W
1107,3D
1108,10J
1109,4G
1110,1J
1111,6J
1112,11R
1113,6M
1114,5J
1115,11Z
1116,8X
1117,6J
1118,7X
1119,5E
1120,7R
1121,5B
1122,6B
1123,12M
1124,12E
1125,11O
1126,5G
1127,7R
1128,10A
1129,2P
1130,6B
1131,4M
1132,8P
1133,4G
1134,1P
1135,12Y
1136,2V
1137,3F
1138,3M
1139,3M
1140,12T
1141,4L
1142,12A
1143,10A
1144,3R
1145,6F
1146,3X
1147,10S
1148,10G
1149,5B
1150,3E
1151,9R
1152,10Z
1153,8N
1154,12S
1155,6Q
1156,4C
1157,6C
1158,2K
1159,9I
1160,3K
1161,3D
1162,5V
1163,7F
1164,12F
1165,9T
1166,6B
1167,1W
1168,8R
1169,3X
1170,11A
1171,10S
1172,4P
1173,4C
1174,12G
1175,4Q
1176,4B
1177,6K
1178,6Z
1179,1J
1180,7U
1181,5R
1182,10W
1183,7G
1184,3D
1185,9U
1186,5I
1187,5Y
1188,7O
1189,5G
1190,7G
1191,11E
1192,11L
1193,4W
1194,7T
1195,2O
1196,7Y
1197,8I
1198,5P
1199,7D
1200,12K
1201,9P
1202,1E
1203,6U
1204,7B
1205,4K
1206,5E
1207,6O
1208,8T
1209,7V
1210,1U
1211,12T
1212,7R
1213,12X
1214,12R
1215,11M
1216,6T
1217,3F
1218,4E
1219,5C
1220,4Y
1221,5X
1222,9Q
1223,3T
1224,8R
1225,8R
1226,12Q
1227,11N
1228,12E
1229,9U
1230,10H
1231,11K
1232,12E
1233,4M
1234,7K
1235,3G
1236,5W
1237,10W
1238,3Q
1239,11S
1240,5M
1241,5W
1242,4C
1243,5C
1244,2A
1245,7U
1246,8W
1247,7W
1248,1F
1249,5N
1250,11Y
1251,9N
1252,5F
1253,12Q
1254,6V
1255,10A
1256,5D
1257,6N
1258,11K
1259,4V
1260,9I
1261,8M
1262,7W
1263,2O
1264,3G
1265,5G
1266,9U
1267,1V
1268,9D
1269,2Y
1270,12Q
1271,7S
1272,2Q
1273,8O
1274,2I
1275,3G
1276,3W
1277,8H
1278,1G
1279,4B
1280,9N
1281,4T
1282,4U
1283,3U
1284,10W
1285,10R
1286,5X
1287,10B
1288,9G
1289,8J
1290,5A
1291,5L
1292,3M
1293,3Z
1294,5X
1295,10Y
1296,9C
1297,11K
1298,11X
1299,5I
1300,11W
1301,4Y
1302,1L
1303,9C
1304,10P
1305,4F
1306,2X
1307,10C
1308,1A
1309,3U
1310,9F
1311,6K
1312,2C
1313,6G
1314,8W
1315,3R
1316,4X
1317,12B
1318,10M
1319,12H
1320,4V
1321,9G
1322,9V
1323,8G
1324,4F
1325,10A
1326,12C
1327,7J
1328,9O
1329,7G
1330,5H
1331,12N
1332,9O
1333,9L
1334,3U
1335,5Y
1336,8K
1337,4C
1338,11J
1339,8E
1340,9V
1341,2K
1342,2P
1343,5V
1344,1V
1345,3O
1346,6U
1347,3M
1348,6D
1349,2H
1350,3X
1351,7O
1352,1H
1353,11L
1354,1T
1355,2H
1356,5H
1357,12N
1358,3O
1359,12I
1360,6G
1361,8L
1362,7H
1363,3S
1364,10Y
1365,11X
1366,7L
1367,10A
1368,4X
1369,9S
1370,9M
1371,3K
1372,10O
1373,2Z
1374,6Q
1375,5C
1376,2V
1377,9N
1378,8L
1379,11Q
1380,6A
1381,10A
1382,8N
1383,2U
1384,3Q
1385,10J
1386,3F
1387,1A
1388,1E
1389,7N
1390,9A
1391,11R
1392,5R
1393,11P
1394,3W
1395,12L
1396,4F
1397,12J
1398,6X
1399,5L
1400,7M
1401,1K
1402,8E
1403,1U
1404,12I
1405,12F
1406,4H
1407,2B
1408,6C
1409,3B
1410,1M
1411,9U
1412,4K
1413,1D
1414,2U
1415,11C
1416,9N
1417,4K
1418,1T
1419,5E
1420,2B
1421,7E
1422,8Y
1423,1Q
1424,1H
1425,1K
1426,4Z
1427,5X
1428,5H
1429,5R
1430,11L
1431,10U
1432,3U
1433,3C
1434,11S
1435,5G
1436,3U
1437,4F
1438,1W
1439,5G
1440,1P
1441,2P
1442,3W
1443,7Q
1444,1R
1445,1G
1446,6U
1447,9U
1448,2T
1449,8A
1450,4W
1451,7J
1452,4Y
1453,10F
1454,2P
1455,6I
1456,11V
1457,6C
1458,6W
1459,2Z
1460,5M
1461,3Q
1462,8W
1463,7R
1464,11Z
1465,4N
1466,11R
1467,3W
1468,1D
1469,8Q
1470,6W
1471,8F
1472,11D
1473,2A
1474,3J
1475,4O
1476,9E
1477,11Q
1478,2N
1479,8W
1480,9N
1481,4M
1482,4L
1483,7I
1484,8X
1485,9Y
1486,1X
1487,10H
1488,7B
1489,5S
1490,10M
1491,7G
1492,10P
1493,1G
1494,6Y
1495,10Q
1496,6M
1497,3M
1498,4B
1499,4I
1500,4O
1501,4O
1502,1P
1503,3F
1504,8D
1505,3S
1506,9A
1507,6Z
1508,2N
1509,7X
1510,1P
1511,6M
1512,6E
1513,12Y
1514,11S
1515,7J
1516,4W
1517,4T
1518,5M
1519,3Y
1520,11Z
1521,11J
1522,7W
1523,1Z
1524,9V
1525,6R
1526,1B
1527,2E
1528,7U
1529,4E
1530,5A
1531,11I
1532,6Q
1533,10H
1534,7L
1535,3Q
1536,5K
1537,6T
1538,9R
1539,8S
1540,12I
1541,3J
1542,11H
1543,2C
1544,8F
1545,8U
1546,5T
1547,4U
1548,9J
1549,3J
1550,2F
1551,1Y
1552,3C
1553,9C
1554,5Z
1555,12J
1556,1Z
1557,8H
1558,10W
1559,12U
1560,6I
1561,10N
1562,7D
1563,9O
1564,11T
1565,5P
1566,11P
1567,11H
1568,12Z
1569,10A
1570,1R
1571,9L
1572,8J
1573,4D
1574,12H
1575,11V
1576,9X
1577,11K
1578,2L
1579,3W
1580,10K
1581,8A
1582,7O
1583,4E
1584,9D
1585,3X
1586,9Y
1587,10C
1588,4T
1589,9Q
1590,4W
1591,3R
1592,6T
1593,8H
1594,5S
1595,11W
1596,5O
1597,4V
1598,7Q
1599,7R
1600,5V
1601,4T
1602,7V
1603,8I
1604,6S
1605,6Y
1606,8A
1607,2B
1608,4Q
1609,2T
1610,12Y
1611,11M
1612,3Z
1613,1G
1614,9Z
1615,6I
1616,3A
1617,4D
1618,12Q
1619,8C
1620,12M
1621,5L
1622,5M
1623,12T
1624,9T
1625,2C
1626,3K
1627,11T
1628,4U
1629,2O
1630,9P
1631,11E
1632,3U
1633,1N
1634,5W
1635,9N
1636,12Q
1637,4C
1638,3O
1639,9R
1640,4M
1641,6V
1642,3W
1643,1B
1644,9F
1645,5Q
1646,6D
1647,9K
1648,7U
1649,12P
1650,8G
1651,10R
1652,2E
1653,4Y
1654,2B
1655,4V
1656,5K
1657,5X
1658,2P
1659,7P
1660,4I
1661,9A
1662,6A
1663,7C
1664,11I
1665,7D
1666,8H
1667,6H
1668,6Z
1669,1V
1670,12V
1671,9O
1672,6F
1673,8I
1674,3G
1675,12O
1676,11S
1677,8E
1678,4D
1679,6S
1680,11M
1681,6S
1682,4P
1683,6J
1684,10U
1685,11O
1686,5D
1687,9N
1688,3B
1689,9S
1690,6H
1691,3Z
1692,4U
1693,8D
1694,7B
1695,6R
1696,3C
1697,10W
1698,12P
1699,1Q
1700,9V
1701,4Y
1702,10R
1703,5K
1704,3O
1705,11H
1706,1M
1707,6F
1708,12O
1709,3P
1710,2B
1711,3O
1712,9C
1713,1V
1714,2W
1715,5D
1716,10F
1717,7F
1718,10X
1719,6D
1720,3O
1721,5U
1722,9J
1723,5Z
1724,12D
1725,7B
1726,3L
1727,9P
1728,6K
1729,4D
1730,1O
1731,9H
1732,5X
1733,6Y
1734,12D
1735,7F
1736,6Z
1737,10M
1738,12D
1739,2Q
1740,5W
1741,10J
1742,11K
1743,11E
1744,3V
1745,12A
1746,5S
1747,9P
1748,8L
1749,6K
1750,6E
1751,11P
1752,3E
1753,9B
1754,6W
1755,9D
1756,9G
1757,8X
1758,11K
1759,6S
1760,2A
1761,7P
1762,5R
1763,2W
1764,10Q
1765,3Q
1766,8C
1767,12I
1768,4N
1769,11M
1770,6G
1771,8F
1772,8A
1773,5R
1774,3Q
1775,3P
1776,1T
1777,5T
1778,2M
1779,11S
1780,4V
1781,1V
1782,3G
1783,9W
1784,2W
1785,11O
1786,12L
1787,11J
1788,8C
1789,4Y
1790,12I
1791,10A
1792,4V
1793,8W
1794,9R
1795,11J
1796,10X
1797,7H
1798,2E
1799,10U
1800,4N
1801,10B
1802,3S
1803,12G
1804,11F
1805,1Q
1806,7V
1807,7N
1808,10H
1809,8Z
1810,10V
1811,8E
1812,4E
1813,1S
1814,12J
1815,8G
1816,4R
1817,2O
1818,1C
1819,8W
1820,1Z
1821,7Z
1822,7C
1823,5E
1824,5K
1825,8C
1826,9S
1827,10E
1828,12T
1829,7M
1830,4G
1831,8G
1832,11G
1833,4U
1834,8K
1835,7E
1836,6R
1837,3U
1838,3T
1839,1B
1840,1X
1841,6U
1842,5Q
1843,6Z
1844,12W
1845,5Q
1846,11S
1847,3R
1848,7Z
1849,10R
1850,6P
1851,12T
1852,2B
1853,8T
1854,11Z
1855,7I
1856,6K
1857,7H
1858,7Q
1859,4O
1860,1U
1861,12D
1862,12T
1863,4A
1864,4P
1865,8L
1866,1Q
1867,4V
1868,5B
1869,9A
1870,5B
1871,10E
1872,3F
1873,11O
1874,5P
1875,3L
1876,9D
1877,12B
1878,6Q
1879,11S
1880,8D
1881,8X
1882,7L
1883,8T
1884,7I
1885,5O
1886,4J
1887,3C
1888,2V
1889,7G
1890,11U
1891,10F
1892,8C
1893,11R
1894,5E
1895,8I
1896,4T
1897,8O
1898,9N
1899,5A
1900,7U
1901,8V
1902,6B
1903,9F
1904,3H
1905,1J
1906,10H
1907,7O
1908,6L
1909,2E
1910,5D
1911,11G
1912,6R
1913,12G
1914,12G
1915,8B
1916,5I
1917,11V
1918,8Y
1919,5J
1920,12Z
1921,11C
1922,12G
1923,9M
1924,4N
1925,9R
1926,12B
1927,3K
1928,5A
1929,5K
1930,1M
1931,8R
1932,11O
1933,10S
1934,6J
1935,3C
1936,4T
1937,8P
1938,9M
1939,4L
1940,9Q
1941,3N
1942,10B
1943,2B
1944,5Y
1945,5F
1946,3S
1947,12C
1948,12P
1949,4V
1950,3J
1951,7Z
1952,8M
1953,7G
1954,3O
1955,6R
1956,3M
1957,6T
1958,11D
1959,5Y
1960,3U
1961,10T
1962,8I
1963,3I
1964,6W
1965,5J
1966,5B
1967,1V
1968,1P
1969,5S
1970,11G
1971,11E
1972,5I
1973,6U
1974,10D
1975,12A
1976,7C
1977,7D
1978,5W
1979,4F
1980,1E
1981,1O
1982,9F
1983,12J
1984,5A
1985,3Z
1986,10H
1987,7L
1988,1Z
1989,12O
1990,9T
1991,10Q
1992,7H
1993,7I
1994,6O
1995,7S
1996,5H
1997,12N
1998,2A
1999,10E
2000,10M